Btl_Cnt,Depthm,T_degC,Salnty,O2ml_L,STheta
282769,0,16.81,33.66,5.43,24.531
657442,91,13.7,33.324,5.74,24.957
157944,9,12.4,33.59,6.35,25.419
45210,125,9.24,32.885,5.29,25.427
474774,30,16.33,35.19,,25.82
526069,600,5.65,34.295,0.53,27.046
759252,19,16.87,33.203,5.83,24.168
257839,29,11.18,33.04,5.12,25.219
767096,60,11.81,33.059,5.13,25.119
534950,400,6.86,34.203,0.92,26.815
17568,415,5.98,34.2,0.81,26.928
782091,120,12.33,33.248,5.15,25.17
331100,50,16.96,33.99,5.17,24.751
676649,100,12.13,33.153,5.32,25.133
165606,250,8.06,34.019,2.99,26.499
130994,20,13.01,32.94,6.04,24.797
15994,125,13.54,33.548,5.47,25.164
67340,473,6.4,,0.44,
251746,500,7.45,34.565,0.24,27.02
364763,411,7.83,34.434,0.32,26.861
870262,739,5.447,34.3813,0.122,27.1473
146053,250,10.2,34.545,0.5,26.568
150133,383,8.4,34.49,0.33,26.819
103094,147,9.16,,3.4,
448049,150,12.39,34.578,0.85,26.191
688797,50,16.39,33.4,5.74,24.431
358591,142,14.36,33.928,5.27,25.288
800540,2,17.92,33.344,5.55,24.025
457737,279,7.54,34.05,,26.599
526407,100,10.44,33.005,5.96,25.322
572042,200,8.46,34.053,2.38,26.464
717785,44,17.35,33.198,5.66,24.052
677069,376,6.44,34.111,1.29,26.798
850227,320,8.265,34.2209,1.089,26.6325
443467,75,9.71,33.812,,26.075
416986,0,12.73,33.36,,25.176
361228,808,4.46,34.411,0.59,27.276
626567,800,4.46,34.425,,27.286
739793,269,7.44,34.082,1.83,26.638
139284,297,7.93,34.16,1.43,26.629
85197,1000,4.1,34.524,0.57,27.405
549247,250,8,34.2,,26.65
528913,257,8.31,34.135,2.01,26.552
729929,0,13.86,33.53,5.99,25.08
82281,71,8.66,,4.32,
548114,150,9.1,33.819,,26.18
136471,400,7.85,34.479,0.31,26.893
89503,300,8.24,,1.7,
716366,500,5.29,34.132,0.75,26.958
572974,43,,,,
66128,20,19.66,33.453,,23.673
300872,12,16.47,33.62,5.54,24.58
205916,29,12.38,33.45,5.18,25.314
629468,400,6.63,34.24,,26.874
431520,30,12.73,,4.8,
480175,1,15.98,33.543,6.1,24.632
666302,277,8.13,34.016,2.93,26.486
550718,475,5.99,34.321,0.44,27.023
328838,50,18.79,33.808,5.13,24.167
813901,200,8.81,34.144,1.66,26.482
441276,100,13.24,33.138,6.1,24.906
502862,10,18.54,33.68,,24.13
65926,20,19.56,33.687,,23.877
250280,400,6.9,34.27,0.92,26.863
311046,237,7.99,34.09,2.03,26.564
886832,1,17.834,33.3237,5.596,24.03007
87504,826,5.24,,0.27,
464462,300,7,34.061,1.63,26.683
706346,20,18.92,33.497,5.73,23.895
216980,75,10.7,33.18,6.37,25.413
171747,30,12.78,33.37,,25.175
479757,300,7.19,34.127,1.42,26.709
516987,47,13.64,33.34,5.77,24.98
747434,171,9.04,34.136,1.73,26.438
779372,9,15.01,33.025,5.83,24.449
451695,75,16.41,33.76,,24.704
544263,0,15.04,33.563,5.98,24.856
554475,200,8.42,34.035,2.49,26.456
412502,31,14.94,,5.86,
155348,75,9.15,33.431,4.39,25.868
481745,550,4.93,34.27,,27.11
1085,250,7.82,34.035,,26.546
472410,400,8.88,34.49,,26.745
398091,125,10.03,33.572,4.17,25.835
606764,1,13.59,32.549,6.37,24.378
636498,84,9.97,33.888,2.78,26.091
806825,10,15.52,33.429,7.27,24.648
731560,115,11.44,33.386,5.33,25.443
357436,675,5,34.334,0.52,27.154
805270,75,10.36,33.779,3.52,25.939
680557,61,11.01,33.468,4.34,25.583
544527,74,15.37,33.506,5.82,24.743
830788,0,18.75,33.586,6.08,24.005
360495,51,15.61,34.278,1.95,25.283
20069,800,4.15,34.251,0.46,27.181
246677,107,12.8,34.07,2.24,25.715
721357,138,8.92,34.017,2.29,26.364
546553,40,13.94,33.118,,24.747
316879,10,13.14,32.886,5.85,24.729
186980,65,17,33.35,,24.252
89420,125,14.63,,5.17,
872000,0,18.642,33.5122,5.398,23.97545
26284,214,8.86,34.18,1.82,26.502
147933,404,7.06,34.25,,26.825
348141,219,7.98,33.946,3.22,26.453
102599,125,,,,
883105,516,5.992,34.3006,0.293,27.01256
272140,96,14.31,33.83,4.26,25.222
543659,30,12.06,33.604,3.58,25.495
775372,378,7.28,34.239,0.79,26.786
835911,9,12.91,33.3258,6.083,25.11492
497466,300,8.23,34.22,,26.632
619672,300,8.08,34.011,3.38,26.49
113206,286,9.53,34.47,0.52,26.623
886925,10,18.995,33.4314,5.399,23.82598
338981,400,7.36,34.303,0.71,26.825
70255,196,8.95,33.93,,26.292
135230,100,11.48,32.996,5.75,25.132
349906,1100,3.89,34.509,0.65,27.416
251580,55,19.16,34.52,5.26,24.617
852950,0,20.434,33.1694,5.284,23.2533
645533,125,9.57,33.767,3.31,26.063
442212,45,11.9,33.295,5.97,25.285
361982,900,4.06,34.434,0.58,27.337
66381,20,15.46,,5.72,
831215,20,14.647,33.4543,5.671,24.8585
580818,250,9.08,34.138,2.18,26.435
572495,25,14.94,33.05,6.07,24.483
527941,50,14.42,33.206,6,24.715
522007,142,11.48,33.565,5.12,25.575
834861,94,12.591,33.1982,5.629,25.08265
71100,2800,1.68,34.618,2.6,27.705
508869,225,8.43,34.1,,26.506
704091,522,5.6,34.23,0.44,26.999
804915,75,9.95,33.205,,25.561
307403,2600,1.75,34.641,2.11,27.718
334509,192,8.7,33.682,3.64,26.136
837375,124,11.17,33.4003,4.767,25.50545
467842,2864,1.6,34.66,2.58,27.745
645342,40,11.9,33.427,6.38,25.388
124035,0,17.19,33.39,5.66,24.235
725549,120,9.66,33.785,3.56,26.063
860860,440,6.405,34.2362,0.505,26.90754
786690,75,10.7,33.346,4.88,25.543
424507,30,12.47,32.767,6.47,24.768
568355,41,16.15,33.452,5.76,24.525
668842,11,15.15,31.619,5.7,23.336
326943,20,21.11,33.786,5.01,23.543
17106,570,5.06,34.22,0.49,27.055
522040,150,10.11,33.916,3.16,26.09
316158,100,10.02,33.489,4.34,25.771
631057,1000,4.21,34.469,,27.349
173242,900,4.45,34.501,,27.349
779218,85,11.87,33.334,4.46,25.322
123374,62,15.78,,,
268206,387,6.94,34.23,0.91,26.826
432895,10,20.77,33.64,,23.523
55504,20,17.77,32.298,5.77,23.261
152274,20,11.22,33.77,4.25,25.779
708783,46,16.37,33.519,5.6,24.527
533178,30,17.4,33.229,5.79,24.063
13674,1400,3.08,,1.4,
325140,202,10.99,34.61,0.24,26.479
235604,150,10.31,33.904,2.83,26.047
851069,0,15.221,33.2763,6.039,24.59599
761679,110,10.73,33.073,4.85,25.325
170886,400,7.72,34.182,2.31,26.679
220751,226,8.5,34.23,1.16,26.597
250266,95,11.46,33.48,4.6,25.512
764326,101,9.67,33.9,2.45,26.151
117006,0,,33.3,5.74,
12501,1100,3.7,34.511,0.84,27.436
611122,350,6.64,34.069,,26.739
598261,51,10.64,33.753,2.67,25.87
455553,0,12.18,33.01,,25.01
323648,10,9.95,33.56,5.56,25.837
731381,41,10.49,33.802,3.54,25.934
167044,246,7.38,34.13,,26.684
650993,179,9.36,33.949,2.71,26.241
546720,125,12.64,33.57,,25.36
122392,242,,34.34,1.1,
114509,300,7.23,34.078,1.64,26.665
20800,200,8.73,33.583,4.12,26.054
515795,62,13.86,33.343,5.69,24.938
163507,300,7.39,34.063,,26.631
100951,913,3.76,,0.32,
865020,120,9.324,33.7235,3.089,26.0714
142481,44,9.88,33.54,3.38,25.833
632235,10,18.57,33.617,6.19,24.074
547464,30,12.51,33.677,,25.465
144391,1218,3.35,34.55,0.87,27.502
5535,99,9.36,33.73,4.8,26.068
752328,20,17.03,33.293,5.64,24.199
541823,0,13.41,33.598,,25.225
172526,62,10.72,33.58,,25.721
334309,484,5.26,34.17,0.62,26.992
800235,437,5.95,34.157,0.71,26.898
428340,125,8.41,33.97,,26.406
470191,20,14.97,33.47,,24.801
320985,200,8.85,33.897,2.97,26.282
894687,0,17.322,24.42177,7.165,24.42177
827040,84,13.59,33.309,5.61,24.968
794263,436,6.62,34.29,0.43,26.917
316178,0,14.18,33.205,5.95,24.764
738394,199,8.54,34.048,2.43,26.448
50695,71,15.36,33.42,5.36,24.678
711829,500,6.18,34.343,0.25,27.016
224789,50,18.33,34.285,4.5,24.646
259340,100,13.15,34.244,1.61,25.781
74539,1100,3.69,34.582,0.81,27.494
474722,75,15.29,35.16,,26.035
78479,949,4.03,,0.6,
303952,250,10.43,34.528,0.4,26.515
291522,125,13.28,34.44,0.73,25.907
614751,140,9.76,33.78,,26.041
297101,116,13.94,33.64,5.4,25.153
645361,322,6.47,34.044,1.77,26.741
852002,20,16.412,33.2497,6.197,24.31014
471401,150,18.33,34.99,,25.19
504809,550,5.65,34.32,,27.065
64415,196,11,34.33,1.16,26.259
138076,70,12.24,33.35,5.04,25.265
38756,300,7.78,34.233,1.05,26.708
407384,142,10.14,33.493,4.44,25.755
526134,11,16.19,33.05,5.8,24.206
765955,120,9.3,33.893,2.72,26.206
560027,413,5.9,34.036,1.67,26.808
301597,400,7.22,34.332,0.9,26.868
589363,478,6.05,34.293,0.44,26.993
551230,114,9.33,33.916,3.08,26.219
23747,844,3.66,34.42,0.46,27.365
90756,300,6.51,33.945,1.74,26.657
214568,341,10.33,34.77,0.24,26.723
474426,30,16.57,,5.15,
851936,440,6.907,34.2717,0.497,26.8693
32164,64,14.64,33.62,5.45,24.989
129934,474,5.81,34.16,0.61,26.918
854692,3,18.453,33.2986,5.42,23.85941
696415,16,18.28,33.293,5.57,23.898
611429,1,14.46,33.511,6.02,24.941
58717,10,19.4,33.12,5.49,23.485
146089,20,14.12,33.55,6.57,25.043
440206,200,9.41,34.13,,26.375
109788,480,6.59,34.25,0.56,26.89
262459,400,7.53,34.199,1.11,26.719
708258,500,7.12,34.318,0.46,26.872
501372,40,13.68,33.56,,25.142
293214,89,12.68,33.56,4.74,25.343
139874,150,8.6,33.841,2.65,26.276
163141,20,14.31,33.53,6.06,24.988
674128,40,14.86,33.233,5.86,24.642
791880,9,16.5,,,
609367,0,13.28,32.697,,24.553
337477,156,9.62,33.522,4.52,25.864
142453,100,9.59,33.642,,25.962
3694,185,8.45,33.78,3.08,26.251
708958,89,17.63,33.684,5.5,24.359
718533,94,12.67,33.087,5.41,24.979
874063,320,7.258,34.0301,2.048,26.62777
33398,9,11.5,32.9,,25.051
429426,125,12.4,33.44,,25.305
694714,400,6.58,34.038,1.9,26.723
83140,377,6.49,,1.06,
771778,171,9.52,34.21,1.67,26.419
152791,104,12.06,33.73,3.73,25.594
289486,100,9.02,33.964,2.09,26.306
782387,300,8.21,34.249,1.15,26.657
597304,30,13.02,33.131,6.24,24.943
330052,58,11.54,33.381,5.19,25.419
191207,10,14.66,33.5,5.7,24.89
63341,20,23.44,34.38,4.75,23.339
443900,556,6.04,34.337,0.56,27.03
340417,125,8.77,33.891,3.2,26.288
746340,75,15.29,33.489,5.8,24.747
115268,72,,33.27,5.03,
521901,518,6.45,34.325,0.49,26.968
596501,175,10.36,33.685,4.34,25.868
380220,100,12.89,33.734,4.47,25.437
230384,113,13.91,33.59,5.28,25.12
716482,169,8.46,33.926,3.19,26.364
870583,50,12.426,33.3662,4.774,25.24241
384470,150,9.84,33.93,2.76,26.147
595931,400,6.42,34.138,1.06,26.823
551251,29,15.49,33.317,6.04,24.569
250954,150,9.56,34.006,2.6,26.252
453706,622,6.3,34.411,0.31,27.056
408973,128,9.76,33.772,3.32,26.036
302682,30,22.66,34.74,4.61,23.837
156090,600,6.01,34.384,0.26,27.072
147259,10,14.91,33.368,6.99,24.734
568430,82,15.51,33.458,5.77,24.675
343351,10,18.34,33.825,5.39,24.29
153792,198,8.72,,,
720169,200,8.16,34.039,2.42,26.499
808896,141,10.38,33.777,3.13,25.935
475296,56,17.06,,5.08,
643415,150,8.58,33.962,3.01,26.374
879651,400,6.299,34.1064,0.96,26.8177
291371,152,10.87,34.16,1.79,26.148
17242,90,14.16,33.55,5.9,25.037
717356,114,10.76,33.67,3.95,25.785
888597,171,8.863,34.0339,2.191,26.38934
384321,411,6.5,34.251,0.52,26.901
27690,125,11.16,,5.25,
198554,23,17.21,33.21,5.36,24.093
461788,600,5.17,34.25,,27.067
499232,75,15.98,33.83,,24.856
143190,19,14.1,33.22,5.9,24.792
221951,250,7.55,34.188,1.3,26.706
193594,20,16.39,33.833,5.42,24.762
139139,10,16.85,33.853,5.43,24.671
753559,20,14.64,32.896,5.95,24.429
525156,20,17.45,33.562,5.62,24.306
464983,800,4.83,34.453,0.35,27.269
748512,3,15.82,33.066,5.84,24.302
194477,393,6.23,34.15,0.82,26.856
533461,62,17.09,33.38,5.87,24.253
434231,250,8.96,34.2,,26.503
549482,125,10,33.929,3.69,26.119
888300,441,6.678,34.2565,0.45,26.88791
34175,300,7.18,33.993,,26.605
429053,100,9.88,33.81,,26.045
131593,287,9.41,34.56,0.29,26.713
720943,20,14.54,33.396,5.87,24.836
777057,199,9.01,34.085,2.1,26.404
469566,900,3.36,34.335,,27.327
631224,300,9.18,34.338,,26.576
389393,10,15.7,33.373,5.77,24.565
410657,75,12.89,33.24,,25.054
516786,544,5.7,,0.36,
239999,0,17.9,33.64,5.8,24.25
120835,300,6.77,34.062,1.66,26.715
161541,75,11.03,33.365,,25.499
363412,1000,4,34.492,0.8,27.39
165655,23,17.93,33.54,,24.173
392219,400,6.89,34.237,0.86,26.838
402994,300,7.57,34.27,,26.768
764908,400,6.26,34.111,1.11,26.822
818899,100,9.9,33.693,3.23,25.95
883218,200,9.505,33.8139,3.469,26.11572
624300,500,5.73,34.24,0.43,26.991
65592,99,13.01,33.39,,25.147
891746,201,8.64,33.9556,3.443,26.36357
723056,103,15.15,33.568,5.78,24.84
554226,150,11.06,33.577,4.3,25.661
615648,1,18.97,33.669,5.53,24.013
202359,103,17.68,34.52,5.41,24.988
251508,99,16.86,34.05,4.87,24.823
151054,20,12.15,32.86,6.58,24.9
691797,67,16.07,33.436,5.66,24.532
705450,113,13.63,33.218,5.85,24.89
120195,100,12.15,33.735,2.71,25.58
265149,188,8.66,33.96,2.43,26.36
354995,222,8.34,34.225,1.1,26.618
823349,20,14.1,33.345,6.19,24.889
716728,300,7.79,34.175,1.41,26.661
257218,125,11.01,33.263,4.96,25.424
792004,300,7.91,34.173,1.41,26.642
270938,62,18.47,34.09,,24.463
34235,154,9.91,33.25,4.27,25.604
313568,469,6.7,34.32,0.34,26.93
385230,191,8.85,34.054,2.64,26.405
626442,275,7.12,34.069,,26.672
701878,19,15.39,33.476,5.91,24.713
321884,125,9.71,33.758,3.6,26.033
436711,200,8.32,33.95,,26.405
759763,30,18.59,32.82,5.43,23.461
200930,639,5.26,34.36,0.4,27.144
327441,2782,1.72,34.676,2.48,27.749
851706,9,16.91,33.3513,5.613,24.27193
530806,75,14.06,32.978,6.05,24.615
135564,524,5.56,34.29,0.56,27.052
651107,500,5.94,34.225,0.56,26.953
338329,1,16.88,33.407,5.53,24.321
489668,129,11.02,34.068,2.46,26.049
731940,250,7.98,34.173,0.89,26.631
871142,25,18.666,33.2967,5.485,23.80694
326557,2,20.93,33.76,4.88,23.571
96653,1100,3.52,,,
485262,800,4.84,34.451,0.4,27.266
492636,200,9.38,34,,26.278
15870,182,9.66,34.22,1.5,26.404
132282,51,12.7,33.6,4.45,25.369
373053,400,6.98,33.975,2.71,26.619
636053,11,12.07,33.567,6.13,25.464
561517,27,16.03,33.586,5.73,24.655
171144,642,5.16,34.37,,27.164
71420,281,7.14,34.04,1.62,26.647
529449,100,12.1,33.318,5.32,25.267
592491,20,16.9,33.474,6.07,24.368
453882,150,8.73,33.944,2.78,26.336
181680,90,10.89,33.52,,25.645
487719,40,14.78,33.61,,24.95
811580,100,10.93,33.214,4.91,25.4
792829,75,9.58,33.95,2.54,26.192
392054,10,12.53,33.071,6.21,24.991
177887,125,11.25,34.068,,26.008
487789,50,14.34,33.52,,24.975
93052,250,8.19,34.029,,26.487
9315,256,6.82,34.52,2.01,27.069
610405,80,10.6,32.955,,25.254
153049,700,5.7,34.502,0.24,27.204
68061,250,9.22,,,
186352,375,6.74,34.26,,26.876
431721,500,6.84,34.355,0.3,26.939
118737,50,10.97,,5.31,
259960,75,11.62,33.394,5.02,25.415
552983,125,10.68,33.58,,25.729
663190,390,6.91,34.182,1.04,26.792
550250,125,11.29,33.71,3.85,25.722
881855,500,5.771,34.1876,0.527,26.95001
155594,100,9.1,33.443,4.77,25.885
256457,250,8.82,34.173,1.8,26.504
191599,0,15.4,33.53,5.65,24.752
617576,465,5.62,34.114,0.88,26.905
234242,50,19.14,34.063,,24.273
421442,403,7.71,,0.8,
689028,15,13.8,33.608,5.77,25.154
285444,241,11.11,34.54,0.53,26.403
335751,108,9.62,33.93,2.96,26.182
366035,0,18.52,33.618,5.6,24.087
679137,125,12.34,33.332,5.13,25.233
712282,20,14.57,33.218,5.88,24.692
68289,2800,1.69,,,
566696,55,11.66,33.543,4.34,25.523
329309,400,6.99,34.293,0.53,26.869
722059,318,6.74,34.164,1.08,26.8
240679,77,16.34,33.66,5.94,24.643
836083,10,12.915,33.7129,6.705,25.41381
342736,530,6.44,34.422,0.2,27.046
376929,134,8.88,33.921,,26.295
83365,700,4.95,,0.37,
550927,400,6.62,34.166,,26.818
566028,30,14.46,33.563,6.34,24.982
890230,141,9.732,33.7168,3.782,26.00044
614708,275,7.13,34.068,,26.671
35520,200,9.41,33.752,4.18,26.079
889595,20,16.346,33.5895,5.841,24.58629
596783,48,11.63,33.415,4.82,25.429
66473,30,16.95,,5.42,
278493,29,14.53,33.4,5.66,24.841
243937,250,7.39,33.96,,26.549
171666,400,6.28,34.296,,26.965
63194,199,10.34,34.34,1.44,26.383
519266,400,6.38,34.178,0.81,26.859
821563,50,11.26,33.471,3.85,25.54
847082,0,18.744,33.148,5.416,23.67165
673791,50,18.56,33.414,5.49,23.923
774084,37,16.88,33.054,5.74,24.052
102649,25,15.6,33.3,,24.531
215737,100,15.48,33.721,5.82,24.885
437670,66,12.42,32.971,6.1,24.936
764491,228,9.4,34.077,1.75,26.335
886072,75,11.477,33.2447,5.07,25.32677
748878,200,8.4,34.186,1.48,26.578
294109,300,7.21,34.103,1.56,26.687
389708,144,8.95,33.961,2.78,26.315
266280,900,4.03,34.431,0.4,27.338
834602,30,11.982,33.4428,4.449,25.3852
521192,49,13.97,33.284,6,24.87
719877,200,8.42,34.023,2.56,26.447
489270,69,11.81,33.546,5.78,25.498
35213,600,4.79,34.201,0.53,27.071
782652,378,6.84,34.127,1.32,26.758
202827,125,10.52,33.825,,25.947
834385,441,6.82,34.2431,0.531,26.8585
740986,5,19.9,33.601,5.63,23.723
863254,270,7.414,34.0355,1.973,26.60888
460373,20,12.41,33.22,,25.13
530788,281,7.51,34.088,1.82,26.633
487023,650,5.65,34.35,,27.09
443365,394,6.16,,2.09,
534928,30,12.87,33.024,6.25,24.889
342473,125,9.96,33.681,4.06,25.932
747741,0,13.44,33.27,6.28,24.96
817237,50,10.56,33.491,3.97,25.679
284896,104,12.94,33.95,2.63,25.595
451465,100,12.86,33.8,,25.494
759845,198,8.67,33.865,4.13,26.285
544207,125,9.61,33.934,2.71,26.187
786691,80,10.63,33.379,4.6,25.581
889742,11,14.868,33.6778,5.855,24.98277
502425,75,10.43,33.68,,25.85
849115,535,6.611,34.2491,0.011,26.89328
372017,0,14.77,33.19,5.96,24.627
292484,342,10.56,34.67,0.18,26.605
573958,103,12.93,33.521,5.2,25.264
231918,10,15.76,33.64,5.97,24.757
486536,550,5.41,34.29,,27.07
206591,200,9.38,34.076,2.47,26.337
241358,193,9.09,33.79,3.8,26.16
363673,250,8.66,34.156,2.07,26.515
162128,800,4.82,,0.35,
424235,150,8.36,33.283,2.6,25.875
626395,200,7.97,34.005,,26.5
776933,50,11.67,33.533,3.95,25.513
378257,76,9.22,33.356,4.76,25.798
415084,500,5.37,34.19,,26.995
26727,1000,3.99,34.551,0.73,27.438
576892,125,9.1,33.914,2.92,26.254
474872,10,16.77,35.67,,26.085
186359,800,4.49,34.504,,27.346
190626,48,11.66,33.55,5.56,25.528
645938,32,12.86,33.271,6.38,25.083
852689,10,19.183,32.9999,5.457,23.44896
709168,139,12.6,33.386,5.14,25.225
78244,99,9.89,,5.42,
426250,75,10.2,33.707,2.65,25.91
109688,300,7.93,34.159,1.99,26.628
543660,48,10.92,33.692,3.27,25.773
852202,131,10.503,33.3462,4.864,25.58079
541619,175,10.23,33.973,,26.115
496625,150,9.8,33.759,3.79,26.02
866644,30,15.348,33.3123,5.717,24.59787
890823,201,8.446,34.0583,2.173,26.47378
171771,50,17.82,34.018,,24.567
510292,500,5.77,34.28,,27.018
762527,400,7.18,34.284,0.58,26.835
305062,100,11.26,33.345,4.67,25.443
292451,300,10.83,34.773,0.15,26.636
242589,82,15.71,34,3.97,25.048
857586,169,9.318,33.6318,3.475,26.00238
812622,10,14.13,33.215,5.95,24.782
670365,28,14.76,33.067,5.9,24.535
256266,20,19.8,33.688,5.24,23.816
17760,600,5.23,34.193,0.56,27.015
701081,378,7.5,34.283,0.69,26.789
854724,15,19.184,33.3789,,23.7385
841532,5,15.127,33.5235,5.763,24.80724
160401,100,11.23,33.633,,25.672
48470,400,5.38,34.131,0.88,26.946
793109,500,6.01,34.3,0.34,27
889614,272,7.692,34.2016,1.059,26.70006
690276,40,13.76,33.384,5.64,24.99
680844,438,6.95,34.261,0.66,26.849
676286,84,13.56,33.249,5.54,24.927
886387,380,6.608,34.174,0.723,26.83052
202088,110,18.35,34.99,5.46,25.183
302942,500,7.36,34.533,0.19,27.008
457121,1,11.3,32.76,6.52,24.979
730166,150,9.73,33.927,2.47,26.163
229923,10,15.16,33.53,5.81,24.805
167884,80,12.4,33.83,,25.607
188836,39,11.3,33.49,,25.547
437227,0,15.07,33.46,5.68,24.77
493936,1000,3.85,34.48,,27.396
694722,18,15.04,33.141,,
108115,10,16.78,33.91,5.32,24.731
315377,222,8,33.975,2.78,26.472
781395,512,6.75,34.327,0.34,26.929
4252,20,15.76,33.817,5.27,24.893
670760,20,15.38,33.156,5.83,24.469
409292,125,10.57,34.312,1.39,26.319
193279,150,9.85,33.441,4.07,25.763
466164,50,12.34,33.49,,25.354
419697,125,9.47,33.78,,26.09
138050,10,18.04,33.48,5.63,24.1
30570,20,14.63,33.33,5.35,24.766
660902,150,9.02,33.679,3.38,26.083
111016,300,8.24,34.25,1.19,26.654
821481,271,8.5,34.253,1.02,26.616
791429,119,9.35,34.002,2.38,26.283
164334,73,11.6,33.94,,25.843
246105,336,9.53,34.6,,26.725
409170,65,16.33,33.546,5.86,24.557
218094,200,7.66,34.211,1.39,26.707
152709,300,7.7,34.33,0.84,26.796
305161,300,7.05,34.085,1.64,26.695
61482,153,8.38,33.91,2.69,26.364
882309,200,9.109,33.9753,2.595,26.30565
851318,200,8.7,34.1191,1.774,26.48245
31503,800,4.82,,0.29,
118729,500,5.39,,0.5,
215521,215,10.24,34.46,1.28,26.494
184481,400,7.13,34.322,,26.872
718164,1,18.82,33.358,5.54,23.813
36428,200,8.93,33.84,2.73,26.225
107981,73,16.82,33.74,5.42,24.593
350963,1600,2.79,34.598,1.22,27.593
420924,53,,,3.29,
460962,250,9.85,33.96,,26.17
442458,758,5.06,34.455,0.3,27.244
509978,31,15.11,33.569,,24.847
403291,41,15.82,33.233,5.85,24.432
787158,20,13.4,33.26,6.1,24.967
374967,39,15.8,33.661,5.58,24.765
406396,400,7.32,34.298,0.69,26.827
553550,197,9.05,33.963,2.78,26.302
45209,100,9.46,32.819,5.43,25.34
411477,30,11.71,33.92,,25.806
293796,31,19.04,33.72,5.47,24.036
584651,275,7.81,34.048,2.48,26.558
614582,22,11.07,33.003,,25.208
285007,2562,1.82,34.63,2.3,27.703
262193,30,14.95,33.476,5.33,24.81
567363,20,16.16,33.458,5.82,24.527
270023,255,7.95,34.05,2.06,26.539
89050,75,12.53,,4.5,
821290,50,13.08,33.135,6.02,24.934
112983,213,10.52,34.54,0.39,26.508
374951,171,9.59,33.99,2.51,26.235
830950,10,15.65,33.602,5.84,24.752
103393,700,5.42,,0.22,
161607,75,12.36,33.346,,25.239
698237,500,6.8,34.308,0.43,26.908
839090,441,6.608,34.3089,0.338,26.93849
76675,100,12.78,,3.88,
675784,328,6.71,34.051,1.81,26.715
298710,276,7.42,34.15,1.39,26.695
156724,209,11.1,34.46,,26.342
518772,163,12.3,34.275,1.65,25.973
527119,74,14.29,33.147,6.01,24.698
487059,150,8.91,33.93,,26.297
441841,125,9.94,33.99,,26.176
256510,548,6.04,34.31,0.42,27.009
453006,75,11.63,33.409,5.19,25.425
454531,649,5.28,34.354,0.27,27.137
454934,50,13.77,33.68,,25.217
4337,95,13.63,33.58,5.69,25.169
220520,1000,3.82,34.498,0.65,27.413
187023,121,10.13,33.78,,25.98
819038,87,13.96,33.027,5.78,24.674
1694,149,10.51,33.39,,25.611
672502,20,18.75,33.155,5.45,23.676
150315,900,4.32,34.536,0.51,27.391
85728,300,,,,
517282,492,5.66,34.239,0.51,26.999
71841,0,15.91,,4.81,
394644,75,15.35,,,
752915,230,8.18,34.022,2.67,26.483
208656,50,13.23,33.529,4.78,25.21
266249,50,11.91,33.297,5.24,25.285
729171,377,6.76,34.152,1.12,26.788
58675,900,4.05,34.345,0.39,27.267
169488,242,7.4,34,,26.579
228952,155,9.76,33.44,4.28,25.777
746723,437,6.63,34.274,0.5,26.903
360174,400,8.85,34.496,0.4,26.755
677504,319,7.41,34.082,1.99,26.643
418288,0,15.1,33.44,,24.748
778242,119,9.57,33.817,3.03,26.102
108129,30,17.37,33.921,5.38,24.6
876523,320,7.356,34.0746,1.681,26.64916
792082,0,18.06,33.61,5.58,24.19
140395,300,7.76,34.159,1.16,26.653
178950,250,10.56,34.6,,26.548
82552,46,14.43,,5.84,
847857,87,12.507,33.1516,5.469,25.06233
855183,250,8.482,33.9307,3.077,26.36979
509417,174,8.85,33.968,,26.337
165291,0,18.36,33.39,,23.952
346572,70,16.29,33.685,5.46,24.674
144339,19,14.9,33.27,5.64,24.661
556559,500,6.53,34.305,0.45,26.941
245849,204,12.12,34.67,0.36,26.316
187388,600,5.53,34.41,0.36,27.151
867086,50,10.008,33.7166,3.263,25.95082
300193,12,13.7,32.95,5.95,24.666
570229,298,7.36,34.015,2.91,26.597
455766,75,11.46,33.15,,25.255
719059,166,8.82,34.026,2.27,26.387
119523,632,5.1,34.29,0.29,27.107
27138,108,13.05,33.42,5.61,25.163
328622,300,6.5,34.091,1.26,26.774
852853,320,8.238,34.2784,0.824,26.68169
593717,63,10.69,33.693,3.73,25.814
429653,78,9.4,,3.42,
56412,125,18.69,34.816,5.2,24.966
802313,300,8.15,34.24,1.1,26.659
807859,140,9.01,33.914,2.64,26.269
197314,64,9.86,33.58,,25.868
814088,30,12.86,33.009,5.94,24.88
560591,139,9.42,33.889,2.92,26.184
434653,250,9.42,34.29,,26.499
556054,37,,,,
831163,440,6.14,34.131,0.86,26.853
102519,293,8.68,34.31,,26.634
151692,0,15.88,33.16,5.85,24.36
140254,75,11.36,32.933,5.82,25.104
809190,320,7.36,34.06,1.75,26.633
267261,100,9.47,33.539,4.63,25.901
533773,129,10.15,33.99,2.73,26.141
102528,600,5.91,34.419,,27.112
60770,760,4.82,34.32,0.36,27.164
521771,195,8.98,33.897,3.56,26.261
813573,40,10.54,33.7,2.88,25.846
416174,500,5.57,34.166,0.74,26.952
61114,300,8.01,34.111,1.2,26.579
360197,200,10.4,34.389,1.09,26.411
316144,593,4.97,,0.54,
782288,250,9.14,34.177,1.76,26.456
100548,24,,,4.9,
528698,500,5.72,34.252,0.49,27.002
749103,437,6.21,34.15,0.88,26.859
95746,1100,3.68,,0.68,
651349,300,7.08,34.033,2.31,26.65
59536,184,9.13,33.48,4.86,25.911
721092,150,10.54,33.659,4.15,25.816
678742,30,11.22,33.406,4.39,25.496
693918,379,6.54,34.056,1.72,26.742
417077,400,6.86,34.27,,26.868
45100,1100,3.3,34.473,0.49,27.444
226082,235,11.53,34.78,0.3,26.513
385166,125,9.32,33.862,3.54,26.178
663347,93,13.16,33.082,5.87,24.879
80724,30,15.67,33.275,5.31,24.497
816230,400,6.3,34.119,0.81,26.823
334522,1,14.26,33.134,5.91,24.692
816496,200,8.22,33.965,3.14,26.432
504970,50,15.83,33.52,,24.65
541358,50,13.08,33.479,,25.201
876104,20,16.026,33.5748,5.773,24.64791
823773,125,12.85,33.475,5.34,25.245
436168,100,14.13,33.513,5.99,25.015
646181,100,14.46,33.452,5.88,24.898
548036,200,8.03,34.174,,26.624
681044,100,14.26,33.431,5.62,24.924
43849,125,9.65,33.602,3.86,25.921
838751,0,16.667,33.4335,5.841,24.39096
607947,100,7.76,33.904,,26.45
884858,500,6.294,34.3016,0.369,26.9749
686212,97,14.95,33.359,5.74,24.722
145999,600,5.77,34.38,0.21,27.098
785139,0,12.9,33.47,6.02,25.23
573771,103,10.58,33.835,2.73,25.945
251594,200,11.04,34.583,0.56,26.448
20339,0,19.5,33.13,4.77,23.467
200616,522,6.78,34.48,0.24,27.046
842020,10,15.923,33.5081,5.717,24.61919
173111,400,7.76,34.402,,26.846
852107,100,10.717,33.3649,4.483,25.55697
466997,76,7.48,32.86,5.81,25.669
555904,30,,,,
833230,40,11.777,33.268,6.129,25.2876
374860,144,10.26,34.055,2.5,26.173
442580,50,11.3,32.82,,25.026
760616,0,15.32,33.14,5.79,24.47
244742,180,10.04,34.04,2.56,26.199
139037,19,18.64,34.05,5.41,24.388
338588,250,8.86,34.296,1.08,26.594
508898,0,13.9,33.6,,25.127
287742,50,12.56,32.955,6.09,24.897
611800,80,11.45,33.185,,25.284
610345,471,5.76,34.122,0.98,26.894
367684,30,18.75,33.313,5.59,23.798
312635,349,6.99,34.22,0.95,26.81
366919,250,9.3,34.416,0.98,26.617
123450,18,16.18,33.51,,24.562
771277,199,8.61,33.992,2.94,26.393
246224,0,21.84,34.66,4.81,24.006
710433,400,6.14,34.052,1.52,26.79
703054,3,15.32,33.52,,
684163,437,6.19,34.148,0.93,26.86
294510,9,20.27,33.86,5.28,23.823
178098,200,10,34.22,,26.347
823347,12,18.39,33.505,6.2,24.033
585222,84,14.48,33.214,5.99,24.71
560974,250,8.41,33.996,2.89,26.428
203385,10,24.18,34.92,5.07,23.53
43455,50,13.57,33.306,6.02,24.969
799462,90,12.24,32.978,5.8,24.977
225996,175,11.74,34.58,,26.317
419781,10,11.08,32.87,,25.104
525870,200,8.92,34.189,1.91,26.5
354192,29,15.3,32.882,5.7,24.276
277398,150,9.28,33.898,2.43,26.214
600306,100,10,33.787,3.27,26.007
499099,30,14.01,33.63,,25.128
99626,30,12.25,,,
757290,250,7.73,34.074,2.02,26.59
44184,739,4.75,34.49,0.32,27.306
147651,27,10.97,33.59,4.57,25.684
419350,10,10.66,32.97,,25.255
401023,105,12.06,33.291,5.4,25.254
612493,449,5.93,34.139,0.82,26.886
572982,30,,,,
397691,296,8.69,34.369,0.74,26.678
516272,75,12.12,33.198,5.56,25.17
229272,43,14.42,33.51,5.17,24.95
643652,461,5.32,34.142,0.65,26.962
798317,1,22.02,33.556,,
411658,300,7.04,34.02,,26.645
665326,100,10.11,33.702,3.28,25.922
468063,4400,1.52,34.688,3.29,27.785
519576,10,13.95,32.843,5.99,24.532
672773,150,10.17,33.432,4.68,25.702
571483,300,6.96,34.091,1.64,26.712
482217,175,9.09,33.93,,26.269
594423,50,12.69,33.344,5.62,25.173
397610,20,18.43,,,
632558,52,18.62,33.372,5.63,23.876
695820,114,13.97,33.417,5.66,24.974
208395,71,14.4,33.48,5.88,24.932
163526,272,7.02,34.1,1.66,26.711
232124,30,13.86,33.607,5.39,25.141
505337,75,12.78,33.63,,25.378
869057,17,15.868,33.2882,5.984,24.46295
837531,69,10.363,33.7308,3.562,25.90225
237505,75,9.31,33.833,3.03,26.156
171249,21,13,33.32,,25.093
580050,0,18.29,33.374,5.49,23.957
631159,20,19.02,33.617,,23.961
697722,85,13.07,33.388,5.28,25.133
713979,268,8.12,34.198,1.41,26.63
794745,0,11.78,33.151,6.43,25.195
488275,500,7.09,34.43,,26.964
552274,0,20.9,33.283,5.38,23.216
445273,50,10.76,33.33,,25.519
658471,150,10.08,33.822,3.07,26.022
728949,20,16.03,33.483,5.7,24.576
321805,200,8.58,34.158,1.32,26.528
802517,40,14.42,33.277,5.84,24.77
828411,70,11.05,33.472,5,25.579
377219,63,10.6,33.555,,25.723
668578,50,15.41,33.123,5.74,24.438
460279,30,12.13,32.87,,24.912
167822,9,19.02,33.93,,24.2
438820,354,7.79,,1.44,
108069,99,12.46,33.62,3.83,25.433
873064,2,18.423,33.4913,5.486,24.0141
347143,1,13.8,33.516,5.93,25.083
346683,300,9.24,34.434,0.5,26.642
6960,700,4.16,34.265,0.53,27.19
211785,905,4.59,34.52,0.33,27.349
634469,500,6.45,34.308,0.4,26.954
213999,75,12.31,33.273,5.27,25.192
216858,30,8.69,33.726,4.59,26.17
19221,500,6.49,34.31,0.68,26.95
400934,218,9.62,33.908,4.34,26.167
402255,150,8.79,34.003,2.49,26.373
214422,61,16.35,35.15,3.73,25.785
670301,31,15.54,33.186,5.77,24.457
46486,10,14.84,33.13,4.93,24.566
408740,250,8.46,34.01,,26.431
861598,125,10.345,33.3443,4.566,25.60615
714014,300,7.52,34.219,1.1,26.735
587560,611,5.28,34.323,0.33,27.112
79657,143,9.94,,3.88,
354566,500,5.77,34.135,0.87,26.903
38234,800,4.84,34.426,0.37,27.246
357944,700,4.83,34.341,0.45,27.179
600890,398,6.43,34.106,1.25,26.796
694682,500,5.69,34.087,1.13,26.875
782981,300,7.95,34.171,1.39,26.635
245871,114,15.5,34.52,1.27,25.496
504179,20,16.38,33.65,,24.624
828687,321,7.71,34.241,0.72,26.725
499277,275,8.5,34.24,,26.606
207365,200,8.89,34.129,1.44,26.457
37407,205,8.3,34.13,1.85,26.549
75058,30,14.73,,5.55,
322378,20,15.65,33.77,5.86,24.882
456469,131,6.91,32.87,6.35,25.755
110134,10,17.45,33.98,5.45,24.626
389927,324,7.19,34.176,1.39,26.748
414150,150,9.79,33.902,3.04,26.133
443988,377,6.21,34.078,1.57,26.802
880609,2,19.56,33.8716,5.35,24.01706
755741,437,6.09,34.15,0.82,26.87
845880,500,6.25,34.3117,0.286,26.98849
53717,20,18.3,33.146,5.27,23.781
66551,300,7.7,,2.07,
284944,564,6.64,34.39,0.19,26.994
842289,300,7.623,34.0386,2.145,26.58257
159549,28,11.83,33.47,,25.434
498489,77,9.97,33.768,4.03,25.997
546235,275,7.65,34.024,,26.563
507750,300,7.81,34.12,,26.615
227794,43,20.86,34.73,3.85,24.33
363406,700,4.96,34.381,0.4,27.196
61731,402,6.07,34.13,0.72,26.861
185770,100,12.18,34.16,,25.905
756128,250,8.41,34.01,2.55,26.439
89336,20,17.2,,4.77,
365512,38,14.28,33.567,5.67,25.023
17942,10,17.51,32.61,5.68,23.562
556539,75,15.69,33.475,5.58,24.648
281278,300,6.75,33.951,2.67,26.63
487865,30,16.3,33.77,,24.735
93280,908,4,34.53,,27.419
155059,0,12.5,33.94,,25.671
377737,85,9.65,33.961,3.19,26.201
823399,122,9.55,34.01,2.28,26.257
686304,30,14.93,33.084,5.88,24.512
666916,146,8.94,33.924,3.1,26.288
348213,1657,2.5,34.568,1.19,27.594
389993,10,14.32,33.483,6.02,24.949
227314,0,20.88,35.12,5.38,24.619
467873,279,5.84,33.88,4.43,26.691
113654,66,,33.6,5.57,
684453,150,9.27,33.634,4.03,26.008
235847,73,10.01,33.58,3.84,25.843
348996,150,9.23,34.064,2.05,26.351
452098,800,5.63,34.53,,27.236
85296,900,4.49,34.52,0.39,27.36
621913,621,5.34,34.379,0.26,27.149
448395,1100,4.21,34.545,0.42,27.411
627045,900,4.4,34.464,,27.325
602836,500,6.29,34.291,0.41,26.961
780055,52,11.06,33.641,4.83,25.708
697025,0,20.88,33.71,5.28,23.54
138434,30,21.21,33.7,5.07,23.451
502671,50,11.34,33.59,,25.618
319130,150,11.93,33.851,3.63,25.714
185343,20,16.87,33.225,,24.184
554597,495,5.8,34.245,0.47,26.987
382429,75,13.68,33.43,,25.043
789056,378,6.86,34.099,1.42,26.73
577845,101,9.34,33.874,2.82,26.184
816615,2600,1.73,34.654,,27.729
800192,101,11.5,32.944,5.69,25.088
307354,68,12.63,32.84,6.06,24.794
5020,10,14.21,33.588,6.15,25.053
515887,68,12.78,33.476,4.84,25.258
479020,600,11.46,34.825,0.89,26.57
642019,150,9.75,33.605,4.2,25.908
335618,58,17.19,33.798,5.42,24.55
183950,45,18.66,33.65,,24.078
208763,57,13.7,33.52,4.86,25.108
110991,771,4.67,34.4,0.34,27.244
137106,47,17.39,33.09,4.34,23.959
113007,200,9.83,34.321,1.36,26.455
659122,316,6.89,34.06,1.88,26.698
427160,30,11.07,33.49,,25.588
323261,8,14.78,33.2,5.92,24.633
322754,46,12.2,33.3,5.41,25.233
108273,73,17.7,33.97,5.32,24.56
122444,95,,34.06,2.12,
733602,150,10.38,33.583,4.53,25.784
681941,60,13.73,33.274,5.48,24.911
669513,20,14.49,33.194,5.85,24.69
291583,150,13.53,34.867,0.57,26.187
459241,900,3.17,34.33,,27.34
26449,900,4.2,34.52,0.63,27.391
618226,75,11.86,33.416,4.74,25.388
212912,20,12.46,33.27,6.1,25.159
58292,300,7.59,34.155,1.48,26.675
15208,0,20.1,33.69,5.43,23.738
154461,75,11.46,33.233,5.54,25.319
389575,300,7.6,34.24,1.06,26.74
691921,515,5.91,34.224,0.57,26.957
161438,223,8.07,34.04,,26.513
787873,22,15.26,33.542,5.91,24.793
713519,50,11.58,33.784,2.67,25.725
419582,400,6.37,34.1,,26.799
779053,378,7.48,34.272,0.7,26.783
833695,300,7.746,34.1117,1.457,26.6227
719735,41,13.18,33.533,4.31,25.222
347111,10,14.82,33.453,5.64,24.819
566780,400,6.89,34.218,0.92,26.823
286194,400,7.52,34.323,0.66,26.818
784127,378,6.5,34.184,0.77,26.848
727524,41,13.23,33.299,5.92,25.031
611923,125,9.11,33.479,,25.911
385398,233,12.3,34.813,0.58,26.393
262455,263,8.79,34.14,1.75,26.483
811010,0,14.65,33.387,5.98,24.805
325521,100,10.11,33.8,3.06,25.999
766062,438,6.2,34.229,0.54,26.923
385027,329,6.78,34.131,1.32,26.768
143182,400,6.8,34.216,0.68,26.834
876917,75,15.296,33.512,5.841,24.76607
643013,128,11.51,33.393,5.11,25.436
711220,514,6.03,34.23,0.55,26.946
3209,1085,3.62,34.38,0.87,27.339
19740,700,5.04,34.394,,27.197
775874,400,7.36,34.309,0.52,26.83
321153,0,14.37,33.51,5.94,24.959
678691,75,10.63,33.519,3.92,25.69
265238,192,8.9,33.94,2.76,26.307
562512,100,10.76,33.624,3.83,25.749
495759,500,6.01,34.23,,26.949
627815,125,9.38,33.821,,26.137
419033,300,9.62,34.52,,26.647
678113,150,9.4,33.676,3.73,26.02
727182,125,10.45,33.72,3.89,25.879
343963,900,4.36,34.444,0.3,27.313
68587,125,12.49,,,
606891,26,11.33,32.493,,24.765
493497,10,15.29,33.581,5.86,24.816
424840,152,10.44,33.985,3.77,26.088
740617,230,9.1,34.072,2.58,26.38
508337,30,12.75,33.49,,25.274
230465,51,16.5,33.8,,24.713
543209,30,16.09,33.582,,24.639
503788,100,9.31,33.62,4.37,25.99
417875,20,13.23,33.25,,24.993
294312,1300,3.25,34.595,0.87,27.547
244015,228,8.06,34.07,2.54,26.538
95023,150,9.36,,2.87,
124783,30,14.46,33.118,5.82,24.638
496043,0,15.7,33.64,,24.77
888097,85,11.048,33.8236,2.897,25.85505
143857,125,10.16,33.933,2.78,26.094
854909,250,9.161,34.1761,1.567,26.45635
234834,381,7.84,34.42,,26.848
503295,41,13.76,33.416,6.34,25.015
165309,250,9.59,34.484,,26.623
544600,250,8.77,34.199,,26.532
874919,250,7.593,33.9939,2.351,26.55027
